word,freq,rank,Syllable,Contraction,Comments
dont,256,95,,TRUE,
thats,167,135,,TRUE,
didnt,157,147,,TRUE,
youre,155,149,,TRUE,
gitchy,111,216,2,,
youll,102,234,,TRUE,
ive,88,270,,TRUE,
theres,86,275,,TRUE,
couldnt,80,296,,TRUE,
wasnt,60,400,,TRUE,
wouldnt,56,421,,TRUE,
isnt,55,424,,TRUE,
hes,53,440,,TRUE,
theyre,48,494,,TRUE,
bedelia,45,516,4,,
stellaluna,42,556,4,,
gruffalo,41,568,3,,
youve,40,578,,TRUE,
1,36,623,,,
weve,32,727,,TRUE,
doesnt,31,737,,TRUE,
2,30,759,,,
3,29,773,,,
hed,28,805,,TRUE,
shes,27,839,,TRUE,
havent,25,886,,TRUE,
heres,25,887,,TRUE,
jennys,25,888,2,,
shang,25,895,1,,
lorax,24,934,2,,
tikki,24,947,2,,
oclock,22,1020,2,,
nutbrown,21,1061,2,,
youd,21,1081,,TRUE,
4,20,1082,,,
5,20,1083,,,
whoooooooo,20,1124,1,,
yertle,19,1188,2,,
6,18,1189,,,
chicka,18,1197,2,,
7,17,1243,,,
hedgie,17,1263,2,,
rumphius,17,1279,3,,
whoo,17,1296,1,,
chugga,15,1368,2,,
clickety,15,1369,3,,
nnn,15,1396,1,,
truffula,15,1423,3,,
whos,15,1428,,TRUE,
froggy,14,1453,2,,
geoppolis,14,1455,4,,
seahorse,13,1548,2,,
aint,12,1577,,TRUE,
chari,12,1592,2,,
flossy,12,1603,2,,
gasazi,12,1604,3,,
goldbug,12,1605,2,,
hadnt,12,1608,,TRUE,
rembo,12,1642,2,,
shouldnt,12,1652,,TRUE,
theyll,12,1667,,TRUE,
tinkers,12,1668,2,,
tsz,12,1670,,,
10,11,1677,,,
8,11,1678,,,
bumpety,11,1697,3,,
hubbles,11,1738,2,,
licken,11,1744,2,,
pembo,11,1758,2,,
peri,11,1759,2,,
ruchi,11,1772,2,,
theyve,11,1794,,TRUE,
tweetle,11,1799,2,,
wheres,11,1803,,TRUE,
wholl,11,1805,,TRUE,
9,10,1810,,,
aj,10,1813,"1, 2",,sublist 
chirped,10,1830,1,,
diddle,10,1841,2,,
eek,10,1848,1,,
flitter,10,1852,2,,
gingko,10,1860,2,,
gruffalos,10,1862,3,,
ler,10,1876,1,,
oink,10,1890,1,,
ooo,10,1891,1,,
petes,10,1897,1,,
ps,10,1902,"1, 2",,sublist
werent,10,1949,,TRUE,
babys,9,1957,2,,
dept,9,1985,1,,
ducky,9,1990,2,,
featherlegs,9,1997,3,,
lillys,9,2025,2,,
maisy,9,2030,2,,
paotze,9,2046,,,pronunciation?
sews,9,2068,1,,
snores,9,2080,1,,
yipiyuk,9,2118,3,,
100,8,2121,,,
blurp,8,2143,1,,
crossly,8,2160,2,,
fol,8,2188,1,,
great_,8,2196,,,_?
hiroko,8,2204,3,,
jamma,8,2211,2,,
lol,8,2220,"1, 3",,sublist
loosey,8,2222,2,,
ol,8,2243,1,,
sixpence,8,2285,2,,
zeg,8,2334,1,,
1936,7,2335,,,
bim,7,2349,1,,
blub,7,2352,1,,
ickle,7,2427,2,,
locky,7,2440,2,,
lupines,7,2443,2,,
merriweathers,7,2447,4,,
mungry,7,2452,2,,
neigh,7,2454,1,,
peepo,7,2463,2,,
pinkalicious,7,2465,4,,
pookie,7,2470,2,,
theyd,7,2516,,TRUE,
thneeds,7,2517,1,,
11,6,2537,,,
arf,6,2543,1,,
ba,6,2545,1,,
baa,6,2546,1,,
bings,6,2559,1,,
chewandswallow,6,2579,4,,
clavel,6,2582,2,,
dickory,6,2598,3,,
elmos,6,2609,2,,
familys,6,2615,3,,
goldilicious,6,2632,4,,
heigh,6,2637,1,,
hmm,6,2638,1,,
hoooo,6,2640,1,,sublist
lessmore,6,2666,2,,
lumpety,6,2677,3,,
olivias,6,2690,4,,
owling,6,2692,2,,
popperville,6,2712,3,,
redbreast,6,2727,2,,
sals,6,2735,1,,
schlopp,6,2736,1,,
splosh,6,2759,1,,
stumpy,6,2769,2,,
temb,6,2771,1,,
toucan,6,2776,2,,
1935,5,2797,,,
angelinas,5,2804,4,,
biggered,5,2817,2,,
biggering,5,2818,3,,
bims,5,2819,1,,
dw,5,2886,4,,
fa,5,2894,1,,
firemans,5,2899,3,,
glug,5,2920,1,,
gogol,5,2921,2,,
grannys,5,2927,2,,
kuplunk,5,2960,2,,
loxy,5,2973,2,,
merrymen,5,2982,3,,
quacked,5,3034,1,,
ratburn,5,3037,2,,
smooch,5,3065,1,,
splatt,5,3080,1,,
splish,5,3081,1,,
squerch,5,3086,1,,
swashy,5,3103,2,,
swishy,5,3105,2,,
tembo,5,3110,2,,
tother,5,3119,2,,
wearies,5,3137,2,,sublist
0,4,3158,,,
"12,3",4,3159,,,
27,4,3160,,,
arfarfarf,4,3171,3,,
bapa,4,3185,2,,
camillas,4,3223,3,,
catsandratsandelephants,4,3231,7,,stress?
chud,4,3244,1,,
currant,4,3265,2,,
everybodys,4,3292,4,,
everyones,4,3293,3,,
felsh,4,3306,1,,
gox,4,3348,1,,
gramma,4,3349,2,,
gramps,4,3350,1,,
handies,4,3363,2,,
hasnt,4,3365,,TRUE,
hmmmm,4,3373,1,,
hobbledy,4,3374,3,,
jellyball,4,3393,3,,
kack,4,3396,1,,
kitties,4,3402,2,,
klack,4,3403,1,,
knocker,4,3406,2,,
knuffle,4,3407,2,,
kuplink,4,3408,2,,
ladys,4,3410,2,,
lucys,4,3429,2,,
mammy,4,3434,2,,sublist
mortimers,4,3450,3,,
oho,4,3471,2,,
pajammy,4,3481,3,,
pieman,4,3498,2,,
rapunzel,4,3531,3,,
reindeers,4,3535,2,,
rocka,4,3545,2,,
rumba,4,3553,2,,
skye,4,3591,1,,
snored,4,3605,1,,
splitter,4,3613,2,,
starla,4,3618,2,,
thneed,4,3646,1,,
thumbkin,4,3649,2,,
thyself,4,3651,2,,
tumba,4,3671,2,,
uncoupled,4,3676,3,,
varoom,4,3682,2,,
waked,4,3687,1,,
whined,4,3698,1,,
wolfs,4,3705,1,,
wump,4,3714,1,,
zans,4,3717,1,,
zookeeper,4,3718,3,,
12,3,3720,,,
15,3,3721,,,
20,3,3722,,,
207,3,3723,,,
aaaaaahhh,3,3724,1,,
aah,3,3725,1,,
abc,3,3726,3,,pronunciation?
abcd,3,3727,4,,pronunciation?
annabelles,3,3741,3,,
arrooff,3,3749,2,,
backhome,3,3757,2,,
bananamobile,3,3765,5,,
banderilleros,3,3766,,,pronunciation?
beezle,3,3774,2,,
belleisle,3,3777,3,,
bluuuuub,3,3790,1,,
brrm,3,3808,1,,
bunnn,3,3814,1,,
burnie,3,3815,2,,
cheep,3,3840,1,,
chica,3,3841,2,,
choppa,3,3845,2,,
clothesline,3,3858,2,,
clucked,3,3862,1,,
comin,3,3870,2,,
cottontail,3,3881,3,,
cutlets,3,3902,2,,
daddie,3,3905,2,,
dapple,3,3908,2,,
ded,3,3912,1,,
efg,3,3944,3,,
fairys,3,3966,2,,
fie,3,3974,1,,
flopsy,3,3987,2,,
fourpence,3,3995,2,,
freezy,3,3997,2,,
fritzs,3,3999,2,,
frrooggyy,3,4003,2,,
googies,3,4021,2,,
google,3,4022,2,,
grickle,3,4027,2,,
grop,3,4031,1,,
hesters,3,4050,2,,
humpf,3,4064,1,,
humpy,3,4065,2,,
huppa,3,4067,2,,
irenes,3,4084,2,,
jelf,3,4088,1,,
jj,3,4091,"1, 2",,sublist
katies,3,4098,2,,
kuplank,3,4106,2,,
lazybones,3,4117,3,,
littleman,3,4126,3,,
logpile,3,4128,3,,
loots,3,4132,1,,
marthas,3,4143,2,,
maxs,3,4148,2,,
mcsmogg,3,4149,2,,
meringue,3,4157,2,,
microchiroptera,3,4159,6,,
moppet,3,4170,2,,
mopsy,3,4171,2,,
muffet,3,4176,2,,
musnt,3,4179,,TRUE,
mustnt,3,4180,,TRUE,
naptime,3,4185,2,,
nelsons,3,4193,2,,
oo,3,4209,1,,sublist
ouack,3,4212,,,pronunciation?
pascals,3,4225,2,,
picadores,3,4239,4,,
playin,3,4249,2,,
prickles,3,4267,2,,
pterosaur,3,4271,,,pronunciation?
purred,3,4273,1,,
raja,3,4282,2,,
raow,3,4284,1,,
ringman,3,4295,2,,
roly,3,4300,2,,
rumpelstiltskin,3,4307,4,,
scaly,3,4319,2,,
shaftoe,3,4333,2,,
shhhhhh,3,4337,1,,
snuggles,3,4362,2,,
someones,3,4365,2,,
squiggly,3,4383,2,,
stellalunas,3,4387,4,,
taffys,3,4415,2,,
toolshed,3,4435,2,,
trixies,3,4443,2,,
twirly,3,4450,2,,
twopence,3,4451,2,,
waddled,3,4461,2,,
whod,3,4479,,TRUE,
woooo,3,4495,1,,
zum,3,4502,1,,sublist
100th,2,4503,,,
14,2,4504,,,
16,2,4505,,,
17,2,4506,,,
18,2,4507,,,
19,2,4508,,,
21,2,4509,,,
30,2,4510,,,
40,2,4511,,,
50,2,4512,,,
60,2,4513,,,
70,2,4514,,,
80,2,4515,,,
90,2,4516,,,
aaooga,2,4517,3,,
aggle,2,4534,2,,
ahhh,2,4535,1,,
ain,2,4537,1,,
alans,2,4540,2,,
arnies,2,4559,2,,
aught,2,4569,1,,
baaa,2,4575,1,,
babars,2,4576,2,,
bakeshop,2,4587,2,,
barm,2,4598,1,,
beft,2,4607,1,,
berryland,2,4614,3,,
blaaaze,2,4622,1,,
blinky,2,4626,2,,
bloath,2,4627,1,,
blowin,2,4632,2,,
bluuub,2,4634,1,,
bluuuub,2,4635,1,,
boggen,2,4638,2,,
braying,2,4653,2,,
bucketful,2,4667,3,,
bumblebee,2,4673,3,,
bumblebees,2,4674,3,,
bumperman,2,4675,3,,
bungle,2,4676,2,,
burps,2,4678,1,,
carrotcar,2,4700,3,,
chid,2,4723,1,,
chirruped,2,4726,2,,
choppin,2,4727,2,,
cinderumpelstiltskin,2,4735,6,,
cmon,2,4754,,TRUE,
cockadoodledoo,2,4757,5,,
codlins,2,4763,2,,
crawler,2,4797,2,,
crummies,2,4804,2,,
cuddles,2,4809,2,,
daddys,2,4818,2,,
darington,2,4827,3,,
dears,2,4832,1,,
delphinium,2,4842,4,,
doot,2,4872,1,,
dragonflies,2,4879,3,,
dragster,2,4880,2,,
drippy,2,4886,2,,
droopier,2,4889,3,,
duckbill,2,4893,1,,
eer,2,4901,1,,
firemens,2,4956,3,,
fishin,2,4959,2,,
flaggle,2,4960,2,,
flappy,2,4962,2,,
fluting,2,4977,2,,
frumpaty,2,4999,3,,
gack,2,5008,1,,
gbye,2,5012,,TRUE,
gluey,2,5024,2,,
glupp,2,5026,1,,
gluppity,2,5027,3,,
gnashed,2,5028,1,,
gordons,2,5035,2,,
growed,2,5059,1,,
haa,2,5069,1,,
hadrosaur,2,5070,3,,
hame,2,5075,1,,
hangin,2,5076,2,,
hapenny,2,5077,3,,
hei,2,5096,1,,
hijk,2,5104,,,pronunciation?
hmmmmm,2,5110,1,,
hortons,2,5125,2,,
hullo,2,5134,2,,sublist
humpfed,2,5136,1,,
intery,2,5153,3,,
itll,2,5158,,TRUE,
jamboree,2,5163,3,,
jiggety,2,5169,3,,
jims,2,5172,1,,
johnnys,2,5174,2,,
kilkenny,2,5189,3,,
klabble,2,5191,2,,
knobbly,2,5194,2,,
laddie,2,5198,2,,
lauk,2,5201,1,,
lckle,2,5206,,,pronunciation?
lerkim,2,5210,2,,
lippity,2,5223,3,,
lm,2,5228,1,,
loveliest,2,5236,3,,
maaa,2,5245,1,,
maniacbug,2,5255,4,,
marys,2,5266,2,,
mcgregors,2,5275,3,,
mintery,2,5296,3,,
moisty,2,5304,2,,
mummys,2,5316,2,,
mustnts,2,5321,,TRUE,
nibblin,2,5324,2,,
niggledy,2,5327,3,,
nightgowns,2,5328,2,,
nikolais,2,5329,3,,
nool,2,5331,1,,
oatsdale,2,5334,2,,
ooooo,2,5341,1,,sublist
ooooooo,2,5342,1,,sublist
pahs,2,5359,1,,
pajan,2,5360,2,,sublist
parcheesi,2,5367,3,,
pedlar,2,5386,2,,sublist
pipelayer,2,5403,3,,
pish,2,5407,1,,
pood,2,5427,1,,
pranced,2,5442,1,,
probly,2,5451,2,,
psst,2,5458,1,,
pushchair,2,5467,2,,
pussys,2,5468,2,,
quacking,2,5470,2,,
reigate,2,5495,2,,
rinsed,2,5511,1,,
roadbed,2,5517,2,,
rooff,2,5526,1,,
selectmen,2,5576,3,,
selfsame,2,5578,2,,
shaftoes,2,5587,2,,
shakin,2,5589,2,,
shhh,2,5593,1,,
shirker,2,5595,2,,
shmellafint,2,5599,3,,
signalmen,2,5615,3,,
sippy,2,5622,2,,
skoodle,2,5629,2,,
slingers,2,5640,2,,
sloosh,2,5643,1,,
snappers,2,5656,2,,
snuggled,2,5662,2,,
snuvs,2,5664,1,,
sond,2,5672,1,,
spelt,2,5687,1,,
spiderwebs,2,5688,3,,
spitballs,2,5692,2,,
spooning,2,5699,2,,
sprat,2,5702,1,,
squealed,2,5711,1,,
staler,2,5715,2,,
stammered,2,5716,2,,
starlas,2,5718,2,,
stomachache,2,5727,3,,
stomps,2,5728,1,,
storys,2,5733,2,,
stripy,2,5738,2,,
stumpaty,2,5747,3,,
sulky,2,5753,2,,
swishing,2,5775,2,,
swomee,2,5777,2,,pronunciation?
tassels,2,5791,2,,
tattletale,2,5792,3,,
thisll,2,5807,,TRUE,
thumpaty,2,5812,3,,
tickling,2,5817,3,,
tisha,2,5823,2,,
tittlemouse,2,5825,3,,
tocks,2,5827,1,,
toowhoo,2,5833,2,,
tryin,2,5860,2,,
turnin,2,5869,2,,
undust,2,5886,2,,
unicorns,2,5888,3,,
unscrewed,2,5896,2,,
vexation,2,5905,3,,
victuals,2,5908,3,,sublist
vipper,2,5913,2,,
waggled,2,5922,2,,
wakeful,2,5926,2,,
whaaaat,2,5937,1,,
whatd,2,5938,,TRUE,
whimpers,2,5940,2,,
wiggled,2,5944,2,,
winkie,2,5947,2,,
wooooo,2,5956,1,,
wrens,2,5962,1,,
yapping,2,5967,2,,
yelped,2,5972,1,,
yeow,2,5974,1,,stress?
yink,2,5976,1,,
yknow,2,5977,,TRUE,
zugg,2,5986,1,,
0,1,5987,,,
00be,1,5988,,,
105,1,5989,,,
109,1,5990,,,
13,1,5991,,,
135,1,5992,,,
170,1,5993,,,
1988,1,5994,,,
200,1,5995,,,
22,1,5996,,,
23,1,5997,,,
24,1,5998,,,
25,1,5999,,,
38,1,6000,,,
39,1,6001,,,
4000,1,6002,,,
53,1,6003,,,
56,1,6004,,,
58,1,6005,,,
800,1,6006,,,
87,1,6007,,,
98,1,6008,,,
"98,7",1,6009,,,
99,1,6010,,,
aa,1,6011,1,,sublist
aaaa,1,6012,1,,sublist
aaah,1,6013,1,,
aaeee,1,6014,1,,sublist
abcde,1,6016,5,,stress?
abcs,1,6017,3,,stress?
abouth,1,6019,2,,
abracadin,1,6021,4,,
ahhchooo,1,6061,2,,
ahhhh,1,6062,1,,
alabone,1,6070,3,,
alack,1,6071,2,,
albies,1,6073,2,,
alia,1,6078,3,,
amnythyst,1,6091,3,,
andcheck,1,6100,2,,
ande,1,6101,2,,
ankylosaur,1,6108,4,,
annies,1,6109,2,,
anns,1,6114,1,,
archdukes,1,6127,2,,
arigato,1,6131,4,,
arrgh,1,6139,1,,
ashalt,1,6144,2,,
attentionthat,1,6159,4,,
awl,1,6172,1,,
awwwk,1,6174,1,,
baaaa,1,6178,1,,sublist
babby,1,6180,2,,
backpackcheck,1,6187,3,,
bakin,1,6194,2,,
bangerville,1,6203,3,,
banjos,1,6204,2,,
bappity,1,6206,3,,
barbaras,1,6207,3,,sublist
barooom,1,6216,2,,
barosaur,1,6217,3,,
bathtime,1,6227,2,,
bb,1,6233,2,,sublist
beaks,1,6238,1,,
beanstalk,1,6241,2,,
bearmine,1,6243,2,,
begrudging,1,6260,3,,
berryband,1,6272,3,,
bettys,1,6277,2,,
biddies,1,6281,2,,
bigshot,1,6284,2,,
bimm,1,6285,1,,
bindings,1,6287,2,,
bipping,1,6290,2,,
blab,1,6300,1,,sublist
blaggle,1,6305,2,,
blazin,1,6310,2,,
bleating,1,6313,2,,
blibber,1,6319,2,,
bling,1,6320,1,,
blondish,1,6328,2,,
bloodiness,1,6329,3,,
bloogs,1,6330,1,,
bloomp,1,6332,1,,
blubbers,1,6338,2,,
blubbery,1,6339,3,,
bluub,1,6344,1,,
bluuuue,1,6345,1,,
bluuuuuuub,1,6346,1,,
boars,1,6350,1,,
bobbed,1,6352,1,,
bofa,1,6355,2,,
boldero,1,6357,3,,
boogied,1,6365,2,,
boohoo,1,6366,2,,
boomberry,1,6369,3,,
bopperville,1,6373,3,,
bottlenose,1,6380,3,,
boysenberry,1,6390,4,,
br,1,6391,1,,
brassberry,1,6395,3,,
brayed,1,6398,1,,
breeches,1,6403,2,,sublist
brillo,1,6415,2,,sublist
brontosauri,1,6420,4,,
bs,1,6426,"1, 2",,sublist
budded,1,6432,2,,
bullfinch,1,6444,2,,
bullring,1,6445,2,,
bumpity,1,6449,3,,
burped,1,6455,1,,
butpresto,1,6465,3,,
buttercream,1,6466,3,,
butterfy,1,6468,3,,sublist
café,1,6475,2,,
cakefree,1,6478,2,,
callin,1,6479,2,,
calmity,1,6481,3,,
canoeberry,1,6491,4,,
caried,1,6502,2,,
carryings,1,6510,3,,
cest,1,6533,1,,
challah,1,6535,2,,sublist
chamomile,1,6537,3,,
chanced,1,6541,1,,
changin,1,6543,2,,
chattered,1,6554,2,,
cheekily,1,6563,3,,sublist
cheeries,1,6565,2,,
cheerily,1,6566,3,,
chickie,1,6576,2,,
chinaware,1,6582,3,,
chinny,1,6584,2,,
chiroptera,1,6586,4,,
chooooooo,1,6591,1,,
chuggsa,1,6596,2,,
chugs,1,6597,1,,
clackberry,1,6607,3,,
clanged,1,6612,1,,
clarabel,1,6617,3,,
clarinets,1,6618,3,,
clattered,1,6621,2,,
clatterin,1,6622,3,,
clatters,1,6623,2,,
clomped,1,6634,1,,
cloudberry,1,6643,3,,
clovers,1,6644,2,,
clutters,1,6650,2,,
comfits,1,6676,2,,sublist
concertinas,1,6695,4,,
cood,1,6716,1,,
cooties,1,6724,2,,
corduroys,1,6730,3,,
crackabone,1,6754,3,,
crackd,1,6755,1,,
crayonscheck,1,6764,2,,
creeak,1,6776,1,,
creeeak,1,6777,1,,
creeeeak,1,6778,1,,
crinkly,1,6784,2,,
croaked,1,6787,1,,
crookedly,1,6789,3,,
crooned,1,6790,1,,
crrrunch,1,6793,1,,
cruffulous,1,6796,3,,
crullers,1,6797,2,,sublist
cryin,1,6804,2,,
cubby,1,6805,2,,
cuckood,1,6807,2,,
cupped,1,6815,1,,
curdled,1,6817,2,,
curds,1,6818,1,,
cutery,1,6825,3,,sublist
cutlet,1,6826,2,,
dabbed,1,6830,1,,
daffing,1,6832,2,,
daintiest,1,6836,3,,
daintily,1,6837,3,,
dancin,1,6843,2,,
dander,1,6844,2,,
darked,1,6849,1,,
dd,1,6863,"1, 2",,sublist
deafblindness,1,6865,3,,
dearie,1,6868,2,,
delish,1,6881,2,,sublist
dellar,1,6885,2,,sublist
desser,1,6911,2,,
deviled,1,6918,2,,
dewdrops,1,6922,2,,
dexterous,1,6923,"2, 3",,sublist
dickery,1,6928,3,,
diggin,1,6933,2,,
dinkety,1,6941,3,,
disap,1,6948,2,,sublist
discov,1,6950,2,,
dishy,1,6956,2,,
displeasing,1,6960,3,,
doffed,1,6975,1,,
dollys,1,6982,2,,
domo,1,6986,2,,
donts,1,6988,1,,
dooooo,1,6989,1,,
doorstop,1,6992,2,,
dorling,1,6994,2,,
doughnot,1,6998,2,,
dozer,1,7002,2,,
drats,1,7008,1,,
dreamily,1,7015,3,,
drinkin,1,7024,2,,
drippings,1,7027,2,,
drivin,1,7029,2,,
drybreak,1,7034,2,,
duddled,1,7037,2,,
dunce,1,7044,1,,sublist
dustbath,1,7051,2,,
eamily,1,7060,3,,
eclair,1,7072,2,,
eeee,1,7077,1,,
eeeek,1,7078,1,,
eeeooo,1,7079,1,,
een,1,7081,1,,
eiderdown,1,7085,3,,
eiffelberg,1,7086,3,,
elephantin,1,7089,4,,
elspeth,1,7094,2,,
endpaper,1,7104,3,,
ered,1,7125,1,,sublist?
espied,1,7128,2,,
etticoat,1,7129,3,,
factorys,1,7162,3,,
farthings,1,7176,2,,
fb.i,1,7184,,,pronunciation?
februarys,1,7186,4,,
feff,1,7188,1,,
fetlock,1,7194,2,,
ff,1,7198,"1, 2",,sublist
fhe,1,7199,,,pronunciation?
fiddlebrain,1,7203,3,,
fiddlesticks,1,7205,3,,
fiffer,1,7207,2,,sublist
figgering,1,7210,3,,
figureheads,1,7211,3,,
floatin,1,7248,2,,
floorwalker,1,7249,3,,
floras,1,7250,2,,
flounced,1,7253,1,,
flowerpots,1,7257,3,,
flump,1,7259,1,,
foofamaloo,1,7267,4,,
foog,1,7268,1,,
footmen,1,7271,2,,
footsy,1,7272,2,,
forio,1,7275,3,,
fory,1,7280,2,,
foxs,1,7285,2,,
frat,1,7292,1,,
frenchy,1,7295,2,,
frisking,1,7306,2,,
fruiterers,1,7309,3,,
fuddled,1,7314,2,,
fuity,1,7315,2,,sublist
fujiko,1,7316,3,,sublist
fum,1,7317,1,,
furrows,1,7321,2,,
furu,1,7322,2,,
fuzzbrain,1,7326,2,,
gaga,1,7328,2,,
gamberally,1,7338,4,,
geeling,1,7350,2,,
gellar,1,7351,2,,
gg,1,7361,"1, 2",,sublist
ghair,1,7362,"1, 2",,sublist
ghblighrrfzze,1,7363,,,pronunciation?
giblets,1,7366,2,,sublist
givin,1,7373,2,,
glistenin,1,7382,3,,
glistens,1,7383,2,,
glowin,1,7394,2,,
gluer,1,7395,2,,
glumping,1,7396,2,,
glumps,1,7397,1,,
glunk,1,7398,1,,
glurpy,1,7399,2,,
gnashin,1,7401,2,,
goatin,1,7408,2,,
godieeeeeee,1,7412,2,,sublist
goest,1,7413,2,,
goggly,1,7414,2,,
goldbugdozer,1,7416,4,,
goodway,1,7421,2,,
googoo,1,7424,2,,
goosefeathers,1,7425,3,,
gorgonzola,1,7426,4,,
gozaimasu,1,7430,4,,
grandchildrens,1,7441,3,,
grandpas,1,7444,2,,sublist
grans,1,7445,1,,
grapplin,1,7448,2,,
greenie,1,7457,2,,
greyhip,1,7461,2,,
greyish,1,7462,2,,
griddle,1,7463,2,,
gristly,1,7471,2,,
gritted,1,7473,2,,sublist
groany,1,7475,2,,
growin,1,7479,2,,
grrrrr,1,7481,1,,
grrrrrrrrr,1,7482,1,,
grumbly,1,7485,2,,
grumph,1,7487,1,,
gruvvulous,1,7490,3,,
gucky,1,7494,2,,
haaa,1,7508,1,,
haha,1,7513,2,,
hai,1,7514,1,,
hairnet,1,7518,2,,
hairyness,1,7519,3,,
hakken,1,7520,2,,
halfpence,1,7521,2,,
halfpenny,1,7522,3,,
handsomer,1,7538,2,,
hangnail,1,7542,2,,
hankie,1,7544,2,,
hansens,1,7546,2,,
hardosaur,1,7548,3,,
harrys,1,7556,2,,
harumph,1,7557,2,,
hatberry,1,7565,3,,
hatchling,1,7567,2,,
hatters,1,7569,2,,
havalahs,1,7573,3,,
hayberry,1,7577,3,,
hea,1,7580,1,,
headlands,1,7584,2,,
hecks,1,7590,1,,
hedgies,1,7591,2,,
heeeeelllllppppp,1,7593,1,,
heighty,1,7596,2,,sublist
heisted,1,7598,2,,
henrys,1,7605,2,,
het,1,7614,1,,
hethreetreebee,1,7615,4,,stress?
hh,1,7616,1,,sublist
hickery,1,7617,3,,
hickety,1,7618,3,,
hidin,1,7619,2,,
higgledy,1,7620,3,,
highchair,1,7621,2,,
hilled,1,7624,1,,
hillocks,1,7625,2,,
hippoloader,1,7628,4,,
hirokos,1,7632,3,,
hm,1,7638,1,,
holey,1,7644,2,,
honestwhen,1,7654,3,,
honked,1,7657,1,,
hooooooome,1,7662,1,,
hooting,1,7666,2,,
horiz,1,7670,2,,sublist
horseless,1,7674,2,,
hosiers,1,7676,3,,
housefly,1,7678,2,,
housetop,1,7681,2,,
howlin,1,7684,2,,
hows,1,7685,1,,
hree,1,7686,2,,
hubba,1,7687,2,,
hulky,1,7691,2,,
hummed,1,7694,1,,
humps,1,7697,1,,
hurtles,1,7703,2,,
huzza,1,7705,2,,sublist
icabod,1,7707,3,,
igh,1,7712,1,,sublist
ii,1,7714,1,,sublist
iiing,1,7715,1,,
iku,1,7716,2,,sublist
impos,1,7727,2,,
impossibles,1,7728,4,,
inchworm,1,7734,2,,
insis,1,7746,2,,
instamatic,1,7748,4,,
iooking,1,7765,,,pronunciation?
jamble,1,7779,2,,
jammies,1,7780,2,,
japansneeze,1,7784,3,,
japapn,1,7785,3,,
jazzbery,1,7790,3,,sublist
jellyballs,1,7795,3,,
jertain,1,7798,2,,
jeweled,1,7800,1,,
jibboo,1,7802,2,,
jimminy,1,7803,3,,
jingly,1,7804,2,,
judys,1,7814,2,,
juez,1,7815,1,,sublist
jumpity,1,7819,3,,
justicia,1,7822,4,,sublist
kackleman,1,7824,3,,
karens,1,7826,2,,
katroo,1,7827,2,,
katys,1,7828,2,,
kerack,1,7830,2,,sublist
kerchoo,1,7831,2,,
kerplop,1,7834,2,,
kertyschoo,1,7835,3,,
kickin,1,7837,2,,
kickity,1,7839,3,,
kie,1,7842,1,,sublist
kindersley,1,7844,3,,
kipperville,1,7846,3,,
kk,1,7848,"1, 2",,
kleek,1,7850,1,,
klonk,1,7851,1,,
kneaded,1,7854,2,,
kopperville,1,7867,3,,
kraks,1,7868,1,,
kyloe,1,7871,2,,
lamed,1,7881,1,,
lasses,1,7888,2,,
leadin,1,7902,2,,
leaved,1,7911,1,,
lectric,1,7912,2,,
lemlich,1,7917,2,,
leprechaun,1,7924,3,,
lers,1,7925,1,,
lessmores,1,7926,2,,
lettuces,1,7928,3,,
lifebelt,1,7939,2,,
limbered,1,7945,2,,
ll,1,7961,1,,sublist
lmno,1,7962,4,,pronunciation?
lmnop,1,7963,5,,pronunciation?
lollypops,1,7970,3,,
lookin,1,7973,2,,
loriss,1,7979,2,,
louisburg,1,7985,3,,sublist
loveable,1,7986,3,,
lowed,1,7987,1,,
loxodonta,1,7991,4,,
lt,1,7993,"1, 2",,sublist
lts,1,7994,"1, 2",,sublist
luckthis,1,7997,2,,
lukey,1,7999,2,,
lumberjacks,1,8001,3,,
lve,1,8008,1,,sublist
lyin,1,8009,2,,
magnifique,1,8015,3,,
maisys,1,8020,2,,
mammies,1,8029,2,,
marf,1,8036,1,,
marias,1,8040,3,,
mcgaffry,1,8058,3,,
mcgillicuddv,1,8061,4,,
megachiroptera,1,8073,6,,
melvins,1,8076,2,,
meowed,1,8083,2,,syllable?
merrills,1,8085,2,,
merryband,1,8086,3,,
midnights,1,8098,2,,
miff,1,8101,1,,
mittened,1,8124,2,,
mitz,1,8125,1,,
mm,1,8126,1,,sublist
mny,1,8127,2,,
mommys,1,8141,2,,
monjour,1,8144,2,,
monstrosities,1,8149,4,,
moof,1,8152,1,,
moohaul,1,8153,2,,
moonberry,1,8154,3,,
moonflowers,1,8155,3,,
moooooooo,1,8157,1,,
moovers,1,8159,2,,
mossy,1,8165,2,,
moues,1,8168,1,,sublist
mouseling,1,8174,2,,
mouselings,1,8175,2,,
mousie,1,8176,2,,
movin,1,8179,2,,
mown,1,8181,1,,
mrpresident,1,8183,5,,
mrrroww,1,8184,2,,sublist
mudglumps,1,8187,2,,
muffered,1,8189,2,,
muffinhead,1,8190,3,,
murnood,1,8200,2,,
musicale,1,8205,3,,sublist
muskidun,1,8206,3,,
mwah,1,8213,1,,
,1,8219,,,
natashas,1,8222,3,,
neath,1,8230,1,,
necking,1,8235,2,,
neighed,1,8238,1,,
nellar,1,8239,2,,
nese,1,8241,1,,sublist
newstand,1,8250,2,,
nightdress,1,8256,2,,
nightgown,1,8257,2,,
nightie,1,8258,2,,
nighty,1,8261,2,,
ninas,1,8263,2,,
nink,1,8266,1,,
nitch,1,8268,1,,
nn,1,8270,1,,sublist
nnnno,1,8271,1,,
noahs,1,8272,2,,
nob,1,8273,1,,
nobodys,1,8275,3,,
noggin,1,8277,2,,
noodlepuss,1,8281,3,,
noooo,1,8282,1,,
nooth,1,8283,1,,
nory,1,8287,2,,
nougat,1,8294,2,,
nupboards,1,8298,2,,
nupp,1,8299,1,,
nureau,1,8300,2,,
o1,1,8302,,,
oddish,1,8310,2,,
oer,1,8311,2,,
ohhhh,1,8315,1,,
ome,1,8320,1,,sublist
onwhite,1,8323,2,,
oof,1,8325,1,,
oom,1,8326,1,,
ooooh,1,8327,1,,
ooooooooooooooooooooo,1,8328,1,,sublist
oooops,1,8329,1,,
oopsie,1,8331,2,,
oozy,1,8333,2,,
ope,1,8335,1,,
openin,1,8337,3,,
ouach,1,8352,1,,sublist
ourchestra,1,8353,3,,sublist
ourtree,1,8354,2,,
ovaltine,1,8366,3,,
overdressed,1,8371,3,,
pantloads,1,8397,2,,
patpuppop,1,8410,3,,
pattering,1,8413,3,,
pawberry,1,8418,3,,
peared,1,8422,1,,
peelings,1,8429,2,,
pendix,1,8435,2,,
pickety,1,8456,3,,
picklepuss,1,8457,3,,
piggledy,1,8458,3,,
pincushion,1,8464,3,,
pinheaded,1,8467,3,,
pinkatastic,1,8468,4,,
pinkerrific,1,8469,4,,
pirouetting,1,8475,4,,
pitter,1,8480,2,,
pitty,1,8482,2,,
pjs,1,8484,2,,
plaggle,1,8486,2,,
plaidest,1,8487,2,,
plateful,1,8488,2,,
playfellows,1,8491,3,,
playtime,1,8496,2,,
pokers,1,8514,2,,
poofy,1,8522,2,,
pooooooo,1,8524,1,,
poppety,1,8527,3,,
porringer,1,8531,3,,
posies,1,8535,2,,
pourin,1,8545,2,,
pp,1,8551,"1, 2",,sublist
prettily,1,8564,3,,
prickle,1,8569,2,,
prithee,1,8577,2,,sublist
pumper,1,8611,2,,
qq,1,8623,2,,
qrs,1,8624,,,?
quackberry,1,8626,3,,
quackers,1,8627,2,,
quakin,1,8630,2,,
quickberry,1,8637,3,,
quickquickquick,1,8638,3,,
quimney,1,8641,2,,
quivered,1,8644,2,,
qunicy,1,8646,3,,
quoth,1,8647,1,,
raaaaa,1,8648,1,,
raaahhhrrr,1,8649,1,,
raaahhrrrr,1,8650,1,,
rajas,1,8667,2,,sublist
rapunzels,1,8680,3,,
razzamatazzberry,1,8685,6,,
reproachfully,1,8729,4,,
resturant,1,8744,3,,
returnin,1,8750,3,,
rff,1,8756,1,,
rhinoceroses,1,8758,5,,
rhinocerous,1,8759,4,,
rhinologist,1,8760,4,,
rime,1,8773,1,,
ringy,1,8775,2,,
ripenin,1,8780,3,,
rippulous,1,8783,3,,
roarin,1,8791,2,,
rockn,1,8795,2,,
romps,1,8801,1,,
roo,1,8802,1,,
rooaaar,1,8803,1,,
roofine,1,8804,2,,
rosys,1,8811,2,,
rr,1,8818,1,,
rrowf,1,8819,1,,
rrowff,1,8820,1,,
rrrr,1,8821,1,,
rs,1,8822,"1, 2",,sublist
rubys,1,8825,2,,
ruffians,1,8827,3,,sublist
rumpus,1,8832,2,,
runnin,1,8834,2,,
rustled,1,8838,2,,
ryokan,1,8840,3,,
sackful,1,8841,2,,
sadies,1,8844,2,,
saleslady,1,8851,3,,
salomé,1,8854,3,,
saltshaker,1,8855,3,,
sandbank,1,8861,2,,
sandcastles,1,8863,3,,
sandras,1,8864,2,,
sapphires,1,8866,2,,
satsuma,1,8870,3,,
saurs,1,8875,1,,
sawdusty,1,8877,3,,
sayin,1,8880,2,,
sayonara,1,8881,4,,
scampers,1,8883,2,,
scarer,1,8886,2,,
scariness,1,8889,3,,
scarrys,1,8892,2,,
scepter,1,8893,2,,
schloppity,1,8894,3,,
schwooosshhhh,1,8898,1,,
scissorscheck,1,8900,3,,
scooty,1,8904,2,,
scr,1,8911,1,,
scritch,1,8922,1,,
scrumptious,1,8923,2,,
scuttered,1,8929,2,,
scuttles,1,8931,2,,
seehemewe,1,8940,3,,
semicircle,1,8944,4,,
sempsters,1,8945,2,,
sharpish,1,8971,2,,
shepherdess,1,8979,3,,
shhhh,1,8980,1,,
shhhhhhhhhh,1,8981,1,,
shinin,1,8987,2,,
shnortles,1,8992,2,,
shoeberry,1,8995,3,,
shoeing,1,8996,2,,
shoreditch,1,8999,2,,
shoreside,1,9000,2,,
shortish,1,9001,2,,
shouldnts,1,9004,,TRUE,
shrimps,1,9010,1,,
sidecar,1,9018,2,,
sightless,1,9023,2,,
silking,1,9026,2,,
sillyhead,1,9029,3,,
silvereyes,1,9032,3,,
sinnin,1,9035,2,,
skakagrall,1,9040,3,,
skeltering,1,9044,3,,
skidder,1,9046,2,,
skitter,1,9057,2,,
slatherum,1,9062,2,,
sleepover,1,9066,3,,
sleepyhead,1,9067,3,,
sleighs,1,9069,1,,
slishity,1,9074,3,,
slitherum,1,9075,3,,
sloooow,1,9076,1,,
slooowwww,1,9077,1,,
slunk,1,9084,1,,
slupp,1,9085,1,,
slupps,1,9086,1,,
slurped,1,9087,1,,
slurps,1,9088,1,,
slurpy,1,9089,2,,
smacker,1,9092,2,,
smeary,1,9097,2,,
smogged,1,9099,1,,
smogulous,1,9100,3,,
smooching,1,9103,2,,
smooooooooch,1,9104,1,,
smuggered,1,9105,2,,
snackers,1,9106,2,,
snaked,1,9107,1,,
snakin,1,9108,2,,
snarfing,1,9111,2,,
snarggled,1,9112,2,,
snergelly,1,9118,3,,
snickerdoodles,1,9119,4,,
snipped,1,9124,1,,
snoot,1,9126,1,,
snowbanks,1,9129,2,,
snowplowing,1,9131,3,,
snowsuit,1,9134,2,,
snuffle,1,9136,2,,
snuffled,1,9137,2,,
snuffles,1,9138,2,,
snurp,1,9140,1,,
snuvv,1,9141,1,,
soapiest,1,9144,3,,
sodor,1,9150,2,,
sody,1,9151,2,,
softy,1,9154,2,,
somebodys,1,9158,3,,
soooo,1,9165,1,,
soppy,1,9167,2,,
spendid,1,9187,2,,
spinnin,1,9196,2,,
splashin,1,9200,2,,
splashity,1,9201,3,,
splishes,1,9205,2,,
spotlessly,1,9209,3,,
squalled,1,9227,1,,
squasher,1,9228,2,,
squawked,1,9230,1,,
squeakin,1,9231,2,,
squeezin,1,9232,2,,
squeezy,1,9234,2,,
squelchy,1,9235,2,,
squirmed,1,9238,1,,
squirmy,1,9239,2,,
squirtin,1,9241,2,,
squish,1,9242,1,,
squizzly,1,9244,2,,
sropped,1,9245,1,,
ss,1,9246,1,,sublist
sss,1,9247,"1, 2",,sublist
starberry,1,9256,3,,
starfruit,1,9258,2,,
starlings,1,9259,2,,
stayin,1,9262,2,,
steprelatives,1,9272,4,,
stickcheck,1,9278,2,,
stingray,1,9281,2,,
stockins,1,9289,2,,
stomachaches,1,9291,3,,
straightway,1,9299,2,,
stringless,1,9313,2,,
stripey,1,9315,2,,
stroppy,1,9319,2,,
stuttered,1,9333,2,,
subtropical,1,9338,4,,
suddenlycrunch,1,9344,4,,
sugarcoat,1,9349,3,,
sunbeams,1,9355,2,,
sunniest,1,9360,3,,
suprise,1,9369,2,,
swampland,1,9383,2,,
swamplands,1,9384,2,,
swampville,1,9385,2,,
swash,1,9386,1,,
swiii,1,9401,1,,sublist
swimmin,1,9402,2,,
swishity,1,9405,3,,
switchbacking,1,9407,3,,
switchman,1,9408,2,,
swizzled,1,9409,2,,
tablespoonful,1,9416,4,,
taight,1,9420,1,,
tallchiefs,1,9426,2,,
tallulahs,1,9427,3,,
tappity,1,9437,3,,
tarries,1,9438,2,,
tasteys,1,9441,2,,
tastiest,1,9443,3,,
tatami,1,9444,3,,
teacups,1,9450,2,,
teardrop,1,9453,2,,
teddies,1,9456,2,,
tellar,1,9460,2,,
terance,1,9468,2,,
that_,1,9477,,,_?
thatll,1,9478,,TRUE,
thenbam,1,9479,2,,
thens,1,9480,1,,
thered,1,9481,,TRUE,
therell,1,9482,,TRUE,
theys,1,9484,1,,
thornbushes,1,9492,3,,
threescore,1,9499,2,,
threshing,1,9500,2,,
thumby,1,9506,2,,
thwump,1,9512,1,,
tigerish,1,9516,3,,
tingled,1,9521,2,,
tininess,1,9522,3,,
tippytoes,1,9526,3,,
tlc,1,9532,3,,
toadstool,1,9533,2,,
toasty,1,9535,2,,
tomater,1,9540,3,,
tommys,1,9543,2,,
tonights,1,9545,2,,sublist
toothache,1,9548,2,,
toowhit,1,9552,2,,
tophopstop,1,9553,3,,stress?
toupée,1,9560,2,,
tra,1,9563,1,,
trackberry,1,9566,3,,
trainberry,1,9570,3,,
trashman,1,9575,2,,
treaded,1,9578,2,,
trenchers,1,9584,2,,
trike,1,9588,1,,
triplane,1,9592,2,,
trousies,1,9597,2,,
truckdonald,1,9600,3,,
truckdrivers,1,9601,3,,
tt,1,9606,"1, 2",,sublist
tuffet,1,9612,2,,
tummys,1,9615,2,,
turffula,1,9619,3,,
tuv,1,9621,1,,
twee,1,9624,1,,
twerp,1,9626,1,,
twiddlin,1,9627,2,,
twitchett,1,9634,2,,
twitters,1,9636,2,,
tzu,1,9638,1,,
ubbs,1,9639,1,,
uestion,1,9640,2,,
ugggh,1,9641,1,,
ughs,1,9642,1,,
ultimatium,1,9646,5,,
unclenched,1,9655,2,,
uncombed,1,9656,2,,
undertakers,1,9663,4,,
undies,1,9664,2,,
uneventfully,1,9665,5,,
unheedin,1,9670,3,,
unlatched,1,9674,2,,
unlight,1,9675,2,,
unselfishly,1,9679,4,,
unselfishness,1,9680,4,,
upmmmmmmmmmmffffffffff,1,9686,2,,?
uppercase,1,9687,3,,
upturned,1,9689,2,,
uu,1,9695,1,,sublist
vinn,1,9730,1,,
vipp,1,9733,1,,
vladimirs,1,9738,3,,
voilà,1,9739,2,,
vroomy,1,9742,2,,
vug,1,9743,1,,
vv,1,9745,"1, 2",,sublist
waddles,1,9747,2,,
wainscot,1,9754,2,,
waitthere,1,9756,2,,
walkin,1,9758,2,,
walky,1,9759,2,,
walloped,1,9760,2,,
warthogs,1,9769,2,,
wasket,1,9771,2,,
waterpipe,1,9777,3,,
weirdish,1,9792,2,,
wellar,1,9793,2,,
welshman,1,9794,2,,
werriweather,1,9795,4,,
whaa,1,9798,1,,
whaaat,1,9799,1,,
wharves,1,9801,1,,
whatcha,1,9802,2,,
whee,1,9803,1,,
wheeeee,1,9804,1,,
wheelies,1,9806,2,,
whhoossshhhhhhhh,1,9809,1,,
whiffed,1,9810,1,,
whiney,1,9812,2,,
whirly,1,9814,2,,
whiskery,1,9815,3,,
whitechapel,1,9817,3,,
whoevers,1,9819,3,,
whooooo,1,9820,1,,
whoooooo,1,9821,1,,
whove,1,9825,,TRUE,
winfreys,1,9838,2,,
wingspans,1,9839,2,,
witchs,1,9850,2,,
woedom,1,9855,2,,
wolfwagon,1,9857,3,,
wome,1,9858,1,,sublist
womens,1,9859,2,,
wonts,1,9861,,TRUE,
woodbines,1,9862,2,,
wooeeee,1,9866,1,,
wooshee,1,9869,2,,
workin,1,9871,2,,
woset,1,9875,2,,
wriggled,1,9880,2,,
wriggles,1,9881,2,,
wuddled,1,9885,2,,
wumby,1,9886,2,,
wun,1,9887,1,,
ww,1,9888,1,,
xx,1,9889,1,,
yall,1,9893,1,,
yawing,1,9898,2,,
yeps,1,9902,1,,
yerbeys,1,9903,2,,
yessss,1,9904,1,,
yipp,1,9908,1,,
yippetty,1,9910,3,,
yipping,1,9911,2,,
yodeled,1,9912,2,,
yop,1,9915,1,,
yorgenson,1,9916,3,,
yot,1,9917,1,,
yottle,1,9918,2,,
yowl,1,9923,1,,
yummier,1,9926,3,,
yums,1,9927,1,,
yy,1,9928,1,,
zable,1,9929,2,,
zall,1,9930,1,,
zamp,1,9931,1,,
zazzer,1,9932,2,,
zeds,1,9933,1,,
zeep,1,9934,1,,
zelf,1,9935,1,,
zellar,1,9936,2,,
zillow,1,9938,2,,
zizzer,1,9939,2,,
zlock,1,9940,1,,
zong,1,9942,1,,
zood,1,9943,1,,
zoomberry,1,9944,3,,
zooom,1,9946,1,,
zower,1,9947,2,,
zuma,1,9948,2,,
zump,1,9949,1,,
zuzz,1,9950,1,,
zwoop,1,9951,1,,
zz,1,9952,1,,
zzz,1,9953,1,,
zzzz,1,9954,1,,
zzzzzzz,1,9955,1,,
zzzzzzzzz,1,9956,1,,
zzzzzzzzzzzzzzzzzz,1,9957,1,,
zzzzzzzzzzzzzzzzzzz,1,9958,1,,